ID,L1,L2,Product Name,Price,Description,Stars,Reviews,Colors,Capacity
516,computers,laptops,Packard 255 G2,$416.99,"15.6"", AMD E2-3800 1.3GHz, 4GB, 500GB, Windows 8.1",2,2,,"128,256,512"
517,computers,laptops,Aspire E1-510,$306.99,"15.6"", Pentium N3520 2.16GHz, 4GB, 500GB, Linux",3,2,,"128,256,512"
518,computers,laptops,ThinkPad T540p,$1178.99,"15.6"", Core i5-4200M, 4GB, 500GB, Win7 Pro 64bit",1,2,,"128,256,512"
519,computers,laptops,ProBook,$739.99,"14"", Core i5 2.6GHz, 4GB, 500GB, Win7 Pro 64bit",4,8,,"128,256,512"
520,computers,laptops,ThinkPad X240,$1311.99,"12.5"", Core i5-4300U, 8GB, 240GB SSD, Win7 Pro 64bit",3,12,,"128,256,512"
521,computers,laptops,Aspire E1-572G,$581.99,"15.6"", Core i5-4200U, 8GB, 1TB, Radeon R7 M265, Windows 8.1",1,2,,"128,256,512"
522,computers,laptops,ThinkPad Yoga,$1033.99,"12.5"" Touch, Core i3-4010U, 4GB, 500GB + 16GB SSD Cache,",2,13,,"128,256,512"
523,computers,laptops,Pavilion,$609.99,"15.6"", Core i5-4200U, 6GB, 750GB, Windows 8.1",1,4,,"128,256,512"
524,computers,laptops,Inspiron 15,$745.99,"Moon Silver, 15.6"", Core i7-4510U, 8GB, 1TB, Radeon HD R7 M265 2GB,",3,12,,"128,256,512"
525,computers,laptops,Dell XPS 13,$1281.99,"13.3"" Touch, Core i5-4210U, 8GB, 128GB SSD, Windows 8.1",3,4,,"128,256,512"
526,computers,laptops,ThinkPad X230,$1244.99,"12.5"", Core i5 2.6GHz, 8GB, 180GB SSD, Win7 Pro 64bit",3,10,,"128,256,512"
527,computers,laptops,HP 250 G3,$520.99,"15.6"", CoreÂ i5-4210U, 4GB, 500GB, Windows 8.1",2,13,,"128,256,512"
528,computers,laptops,ThinkPad Yoga,$1223.99,"12.5"" Touch, Core i5 4200U, 8GB, 500GB + 16GB SSD Cache, Windows",3,2,,"128,256,512"
529,computers,laptops,HP 350 G1,$577.99,"15.6"", Core i5-4200U, 4GB, 750GB, Radeon HD8670M 2GB, Windows",2,10,,"128,256,512"
530,computers,laptops,Asus VivoBook Max,$399.00,"Asus VivoBook Max X541NA-GQ041 Black Chocolate, 15.6"" HD, Pentium N4200 1.1GHz, 4GB, 500GB, Windows 10 Home",1,4,,"128,256,512"
531,computers,laptops,Dell Vostro 15,$488.78,"Dell Vostro 15 (3568) Black, 15.6"" FHD, Core i5-7200U, 4GB, 128GB SSD, Radeon R5 M420 2GB, Linux",4,14,,"128,256,512"
532,computers,laptops,Acer Spin 5,$564.98,"Acer Spin 5 SP513-51 Black, 13.3"" FHD Touch, Core i3-7100U, 4GB, 128GB SSD, Windows 10 Home",2,0,,"128,256,512"
533,computers,laptops,Acer Aspire A515-51-5654,$679.00,"Acer Aspire A515-51-5654, Black, 15.6"", FHD, Core i5-8250U, 8GB DDR4, 256GB SSD, Windows 10 Home, ENG",2,9,,"128,256,512"
534,computers,laptops,Dell Inspiron 15,$679.00,"Dell Inspiron 15 (5567) Fog Gray, 15.6"" FHD, Core i5-7200U, 8GB, 1TB, Radeon R7 M445 4GB, Linux",2,7,,"128,256,512"
535,computers,laptops,Asus VivoBook S14,$729.00,"Asus VivoBook S14 (S406UA-BV041T) Starry Grey, 14"", Core i5-8250U, 8GB, 256GB SSD, Windows 10 Home, Eng kbd",1,2,,"128,256,512"
536,computers,laptops,Asus ROG STRIX GL553VD-DM256,$799.00,"Asus ROG STRIX GL553VD-DM256, 15.6"" FHD, Core i5-7300HQ, 8GB, 1TB, GeForce GTX 1050 2GB, No OS",2,7,,"128,256,512"
537,computers,laptops,Acer Nitro 5 AN515-51,$809.00,"Acer Nitro 5 AN515-51, 15.6"" FHD IPS, Core i5-7300HQ, 8GB, 1TB, GeForce GTX 1050 2GB, Windows 10 Home",1,0,,"128,256,512"
538,computers,laptops,Asus ROG STRIX GL553VD-DM256,$899.00,"Asus ROG STRIX GL553VD-DM256, 15.6"" FHD, Core i5-7300HQ, 8GB, 1TB, GeForce GTX 1050 2GB, No OS + Windows 10 Home",1,7,,"128,256,512"
539,computers,laptops,Lenovo ThinkPad L570,$999.00,"Lenovo ThinkPad L570, 15.6"" FHD, Core i7-7500U, 8GB, 256GB SSD, Windows 10 Pro",3,11,,"128,256,512"
540,computers,laptops,Lenovo Legion Y520-15IKBM,$1149.00,"Lenovo Legion Y520-15IKBM, 15.6"" FHD IPS, Core i7-7700HQ, 8GB, 128GB SSD + 1TB, GeForce GTX 1060 Max-Q 6GB, DOS",3,11,,"128,256,512"
541,computers,laptops,Lenovo Legion Y720,$1399.00,"Lenovo Legion Y720, 15.6"" FHD IPS, Core i7-7700HQ, 8GB, 128GB SSD + 2TB HDD, GeForce GTX 1060 6GB, DOS, RGB backlit keyboard",3,8,,"128,256,512"
542,computers,laptops,Asus ROG Strix GL702ZC-GC154T,$1769.00,"Asus ROG Strix GL702ZC-GC154T, 17.3"" FHD, Ryzen 7 1700, 16GB, 256GB + 1TB HDD, Radeon RX 580 4GB, Windows 10 Home",4,7,,"128,256,512"
543,computers,laptops,Asus ROG Strix GL702ZC-GC209T,$1769.00,"Asus ROG Strix GL702ZC-GC209T, 17.3"" FHD IPS, Ryzen 7 1700, 16GB, 256GB SSD + 1TB HDD, Radeon RX 580 4GB, Windows 10 Home",1,8,,"128,256,512"
544,computers,laptops,Asus ROG Strix SCAR Edition GL503VM-ED115T,$1799.00,"Asus ROG Strix SCAR Edition GL503VM-ED115T, 15.6"" FHD 120Hz, Core i7-7700HQ, 16GB, 256GB SSD + 1TB SSHD, GeForce GTX 1060 6GB, Windows 10 Home",3,8,,"128,256,512"
545,computers,laptops,Asus VivoBook X441NA-GA190,$295.99,"Asus VivoBook X441NA-GA190 Chocolate Black, 14"", Celeron N3450, 4GB, 128GB SSD, Endless OS, ENG kbd",3,14,,"128,256,512"
546,computers,laptops,Prestigio SmartBook 133S Dark Grey,$299.00,"Prestigio SmartBook 133S Dark Grey, 13.3"" FHD IPS, Celeron N3350 1.1GHz, 4GB, 32GB, Windows 10 Pro + Office 365 1 gadam",2,8,,"128,256,512"
547,computers,laptops,Prestigio SmartBook 133S Gold,$299.00,"Prestigio SmartBook 133S Gold, 13.3"" FHD IPS, Celeron N3350 1.1GHz, 4GB, 32GB, Windows 10 Pro + Office 365 1 gadam",4,12,,"128,256,512"
548,computers,laptops,Lenovo V110-15IAP,$321.94,"Lenovo V110-15IAP, 15.6"" HD, Celeron N3350 1.1GHz, 4GB, 128GB SSD, Windows 10 Home",3,5,,"128,256,512"
549,computers,laptops,Lenovo V110-15IAP,$356.49,"Asus VivoBook 15 X540NA-GQ008T Chocolate Black, 15.6"" HD, Pentium N4200, 4GB, 500GB, Windows 10 Home, En kbd",2,6,,"128,256,512"
550,computers,laptops,Hewlett Packard 250 G6 Dark Ash Silver,$364.46,"Hewlett Packard 250 G6 Dark Ash Silver, 15.6"" HD, Celeron N3060 1.6GHz, 4GB, 128GB SSD, DOS",1,12,,"128,256,512"
551,computers,laptops,Acer Aspire 3 A315-31 Black,$372.70,"Acer Aspire 3 A315-31 Black, 15.6"" HD, Celeron N3350 1.1GHz, 4GB, 128GB SSD, Windows 10 Home",2,2,,"128,256,512"
552,computers,laptops,Acer Aspire A315-31-C33J,$379.94,"Acer Aspire A315-31-C33J Black 15.6"", HD, Celeron N3350, 4GB DDR3L, 128GB, Windows 10 Home, ENG",2,0,,"128,256,512"
553,computers,laptops,Acer Aspire ES1-572 Black,$379.95,"Acer Aspire ES1-572 Black, 15.6"" HD, Core i3-6006U, 4GB, 128GB SSD, Linux",4,9,,"128,256,512"
554,computers,laptops,Acer Aspire 3 A315-31 Black,$391.48,"Acer Aspire 3 A315-31 Black, 15.6"" HD, Pentium N4200 1.1GHz, 4GB, 128GB SSD, Windows 10 Home",4,10,,"128,256,512"
555,computers,laptops,Acer Aspire 3 A315-21,$393.88,"Acer Aspire 3 A315-21, 15.6"", AMD A4-9120. 4GB. 128GB SSD, Linux",3,9,,"128,256,512"
556,computers,laptops,Asus VivoBook E502NA-GO022T Dark Blue,$399.99,"Asus VivoBook E502NA-GO022T Dark Blue, 15.6"" HD, Pentium N4200 1.1GHz, 4GB, 128GB SSD, Windows 10 Home, En/Ru kbd",4,3,,"128,256,512"
557,computers,laptops,Lenovo ThinkPad E31-80,$404.23,"Lenovo ThinkPad E31-80, 13.3"" HD, Celeron 3855U 1.6GHz, 4GB, 128GB SSD, Windows 10 Home",1,12,,"128,256,512"
558,computers,laptops,Acer Aspire 3 A315-31 Black,$408.98,"Acer Aspire 3 A315-31 Black, 15.6"" HD, Pentium N4200 1.1GHz, 4GB, 128GB SSD, Windows 10 Home",4,10,,"128,256,512"
559,computers,laptops,Lenovo V110-15ISK,$409.63,"Lenovo V110-15ISK, 15.6"" HD, Core i3-6006U, 8GB, 128GB SSD, Windows 10 Home",3,9,,"128,256,512"
560,computers,laptops,Acer Aspire ES1-732 Black,$410.46,"Acer Aspire ES1-732 Black, 17.3"" HD+, Celeron, N3350, 4GB, 1TB, Windows 10 Home",4,14,,"128,256,512"
561,computers,laptops,Asus VivoBook 15 X540NA-GQ026T,$410.66,"Asus VivoBook 15 X540NA-GQ026T Chocolate Black, 15.6"" HD, Pentium N4200, 4GB, 128GB SSD, Windows 10 Home, En/Ru kbd",4,4,,"128,256,512"
562,computers,laptops,Asus EeeBook R416NA-FA014T,$433.30,"Asus EeeBook R416NA-FA014T, 14"" FHD, Pentium N4200, 4GB, 128GB eMMC, Windows 10 Home, Eng kbd",1,1,,"128,256,512"
563,computers,laptops,Acer Aspire 3 A315-51,$436.29,"Acer Aspire 3 A315-51, 15.6"" HD, Core i3-6006U, 4GB, 1TB, Windows 10 Home",1,1,,"128,256,512"
564,computers,laptops,Acer Aspire ES1-572 Black,$436.29,"Acer Aspire ES1-572 Black, 15.6"" HD, Core i3-6006U, 4GB, 500GB, Windows 10 Home",1,2,,"128,256,512"
565,computers,laptops,Acer Extensa 15 (2540) Black,$439.73,"Acer Extensa 15 (2540) Black, 15.6"" HD, Core i5-7200U, 4GB, 500GB, Linux",4,6,,"128,256,512"
566,computers,laptops,Acer Aspire ES1-572 Black,$454.62,"Acer Aspire ES1-572 Black, 15.6"" HD, Core i5-7200U, 4GB, 500GB, Linux",1,9,,"128,256,512"
567,computers,laptops,Lenovo V110-15ISK,$454.73,"Lenovo V110-15ISK, 15.6"" HD, Core i3-6006U, 4GB, 128GB SSD, Windows 10 Pro",2,2,,"128,256,512"
568,computers,laptops,Acer Aspire A315-51-33TG,$457.38,"Acer Aspire A315-51-33TG, Black 15.6"" HD, Core i3-7100U, 4GB DDR4, 128GB SSD, Windows 10 Home, ENG",3,9,,"128,256,512"
569,computers,laptops,Lenovo V110-15IKB,$465.95,"Lenovo V110-15IKB, 15.6"" HD, Core i5-7200U, 4GB, 500GB, DOS",1,7,,"128,256,512"
570,computers,laptops,Asus VivoBook 15 X540UA-DM260 Chocolate Black,$468.56,"Asus VivoBook 15 X540UA-DM260 Chocolate Black, 15.6"" FHD, Core i3-6006U, 4GB, 256GB SSD, Endless OS, En kbd",3,1,,"128,256,512"
571,computers,laptops,Acer Aspire ES1-572 Black,$469.10,"Acer Aspire ES1-572 Black, 15.6"" HD, Core i3-6006U, 4GB, 128GB SSD, Windows 10 Home",3,5,,"128,256,512"
572,computers,laptops,Lenovo V510 Black,$484.23,"Lenovo V510 Black, 14"" HD, Core i3-6006U, 4GB, 128GB SSD, Windows 10 Home",3,8,,"128,256,512"
573,computers,laptops,Acer Aspire ES1-572 Black,$485.90,"Acer Aspire ES1-572 Black, 15.6"" HD, Core i5-7200U, 4GB, 128GB SSD, Linux",3,6,,"128,256,512"
574,computers,laptops,Lenovo V510 Black,$487.80,"Lenovo V510 Black, 15.6"" HD, Core i3-6006U, 4GB, 128GB SSD, Windows 10 Home",2,9,,"128,256,512"
575,computers,laptops,Acer Swift 1 SF113-31 Silver,$488.64,"Acer Swift 1 SF113-31 Silver, 13.3"" FHD, Pentium N4200, 4GB, 128GB SSD, Windows 10 Home",3,4,,"128,256,512"
576,computers,laptops,Acer Aspire 3 A315-51 Black,$494.71,"Acer Aspire 3 A315-51 Black, 15.6"" FHD, Core i3-7100U, 4GB, 500GB + 128GB SSD, Windows 10 Home",4,2,,"128,256,512"
577,computers,laptops,Dell Vostro 15 (3568) Red,$497.17,"Dell Vostro 15 (3568) Red, 15.6"" HD, Core i5-7200U, 4GB, 1TB, Radeon R5 M420 2GB, Linux",1,9,,"128,256,512"
578,computers,laptops,Lenovo V510 Black,$498.23,"Lenovo V510 Black, 15.6"" FHD, Core i3-7100U, 4GB, 128GB SSD, Windows 10 Pro",3,5,,"128,256,512"
579,computers,laptops,Lenovo ThinkPad L460,$1096.02,"Lenovo ThinkPad L460, 14"" FHD IPS, Core i7-6600U, 8GB, 256GB SSD, Windows 10 Pro",4,14,,"128,256,512"
580,computers,laptops,Dell Inspiron 15 (7567) Black,$1098.42,"Dell Inspiron 15 (7567) Black, 15.6"" FHD, Core i5-7300HQ, 8GB, 256GB SSD, GeForce GTX 1050 4GB, Windows 10 Home",1,7,,"128,256,512"
581,computers,laptops,MSI GL72M 7RDX,$1099.00,"MSI GL72M 7RDX, 17.3"" FHD, Core i5-7300HQ, 8GB, 1TB + 128GB SSD, GeForce GTX 1050 2GB, Windows 10 Home",4,1,,"128,256,512"
582,computers,laptops,MSI GL72M 7RDX,$1099.00,"Asus ROG Strix GL553VD-DM535T, 15.6"" FHD, Core i7-7700HQ, 8GB, 1TB + 128GB SSD, GeForce GTX 1050 2GB, Windows 10 Home, Eng kbd",1,9,,"128,256,512"
583,computers,laptops,Asus ROG Strix GL553VD-DM535T,$1101.83,"Apple MacBook Air 13.3"", Core i5 1.8GHz, 8GB, 128GB SSD, Intel HD 4000, RUS",2,4,,"128,256,512"
584,computers,laptops,Dell Latitude 5280,$1102.66,"Dell Latitude 5280, 12.5"" HD, Core i5-7300U, 8GB, 256GB SSD, Windows 10 Pro",1,8,,"128,256,512"
585,computers,laptops,Dell Latitude 5480,$1110.14,"Dell Latitude 5480, 14"" FHD, Core i5-7300U, 8GB, 500GB, Linux + Windows 10 Home",3,4,,"128,256,512"
586,computers,laptops,Lenovo Legion Y520-15IKBM,$1112.91,"Lenovo Legion Y520-15IKBM, Black, 15.6"" FHD IPS, Core i5-7300HQ, 8 GB, 128GB SSD + 2 TB HDD, NVIDIA GeForce GTX 1060 6 GB, FreeDOS + Windows 10 Home",4,1,,"128,256,512"
587,computers,laptops,Toshiba Portege Z30-C-16J Grey,$1114.55,"Toshiba Portege Z30-C-16J Grey, 13.3"" FHD, Core i5-6200U, 8GB, 256GB SSD, Windows 10 Pro",1,0,,"128,256,512"
588,computers,laptops,Acer Predator Helios 300 (PH317-51),$1123.87,"Acer Predator Helios 300 (PH317-51), 17.3"" FHD IPS, Core i5-7300HQ, 8GB, 1TB + 128GB SSD, GeForce GTX 1050Ti 4GB, Windows 10 Home",2,1,,"128,256,512"
589,computers,laptops,Acer Aspire 7 A715-71G,$1123.87,"Acer Aspire 7 A715-71G, 15.6"" FHD IPS, Core i7-7700HQ, 8GB, 128GB SSD + 1TB HDD, GTX 1050 Ti 4GB, Windows 10 Home",2,4,,"128,256,512"
590,computers,laptops,Dell Inspiron 17 2in1 (7779) Silver,$1124.20,"Dell Inspiron 17 2in1 (7779) Silver, 17.3"" FHD Touch, Core i5-7200U, 12GB, 1TB, GeForce GT940MX 2GB, Windows 10 Home",3,10,,"128,256,512"
591,computers,laptops,Dell Latitude 5480,$1133.82,"Dell Latitude 5480, 14"" FHD, Core i5-7300U, 8GB, 500GB, Windows 10 Pro",4,14,,"128,256,512"
592,computers,laptops,Lenovo Legion Y520,$1133.91,"Lenovo Legion Y520, 15.6"" FHD, Core i7-7700HQ, 8GB, 128 GB SSD + 1TB HDD, GTX 1050 4GB, Windows 10 Home",1,13,,"128,256,512"
593,computers,laptops,Asus AsusPro Advanced BU401LA-FA271G Dark Grey,$1139.54,"Asus AsusPro Advanced BU401LA-FA271G Dark Grey, 14"", Core i5-4210U, 4GB, 128GB SSD, Win7 Pro 64bit, ENG",3,7,,"128,256,512"
594,computers,laptops,Acer Nitro 5 AN515-51,$1140.62,"Acer Nitro 5 AN515-51, 15.6"" FHD IPS, Core i7-7700HQ, 8GB, 256GB SSD +1TB, GeForce GTX 1050 Ti 4GB, Windows 10 Home + Windows 10 Home",3,14,,"128,256,512"
595,computers,laptops,Dell Latitude 5480,$1143.40,"Dell Latitude 5480, 14"" FHD, Core i5-7440HQ, 8GB, 256GB SSD, Windows 10 Pro",4,5,,"128,256,512"
596,computers,laptops,Dell Inspiron 15 (7567) Black,$1144.20,"Dell Inspiron 15 (7567) Black, 15.6"" FHD, Core i7-7700HQ, 8GB, 1TB, GeForce GTX 1050 Ti 4GB, Linux + Windows 10 Home",1,2,,"128,256,512"
597,computers,laptops,Dell Latitude 5580,$1144.40,"Dell Latitude 5580, 15.6"" FHD, Core i5-7300U, 8GB, 256GB SSD, Windows 10 Pro",3,10,,"128,256,512"
598,computers,laptops,MSI GP62M 7RDX Leopard,$1149.00,"MSI GP62M 7RDX Leopard, 15.6"" FHD, Core i7-7700HQ, 8GB, 1TB + 128GB SSD, GeForce GTX 1050 2GB, Windows 10 Home",1,11,,"128,256,512"
599,computers,laptops,Lenovo Yoga 720 Grey,$1149.73,"Lenovo Yoga 720 Grey, 15.6"" FHD IPS, Core i5-7300HQ, 8GB, 256GB SSD, GeForce GTX 1050 2GB, Windows 10 Home",2,12,,"128,256,512"
600,computers,laptops,Toshiba Portege Z30-C-16L Grey,$1154.04,"Toshiba Portege Z30-C-16L Grey, 13.3"" FHD, Core i7-6500U, 8GB, 256GB SSD, Windows 10 Pro",1,7,,"128,256,512"
601,computers,laptops,Acer TravelMate P645-S-511A Black,$1170.10,"Acer TravelMate P645-S-511A Black, 14"" FHD IPS, Core i5-5200U, 8GB, 256GB SSD, 3G, Windows 10 Pro",1,0,,"128,256,512"
602,computers,laptops,Dell Latitude 5580,$1178.19,"Dell Latitude 5580, 15.6"" FHD, Core i5-7300U, 16GB, 256GB SSD, Linux + Windows 10 Home",3,6,,"128,256,512"
603,computers,laptops,MSI GS63 7RD Stealth,$1179.00,"MSI GS63 7RD Stealth, 15.6"" FHD IPS, Core i7-7700HQ, 8GB, 256GB SSD, GeForce GTX 1050 2GB, DOS + Windows 10 Home",1,2,,"128,256,512"
604,computers,laptops,Dell Latitude 5480,$1187.88,"Dell Latitude 5480, 14"" FHD, Core i5-7300U, 8GB, 256GB SSD, Windows 10 Pro",3,5,,"128,256,512"
605,computers,laptops,Acer Predator Helios 300 (PH317-51),$1187.98,"Acer Predator Helios 300 (PH317-51), 17.3"" FHD IPS, Core i7-7700HQ. 8GB, 128GB SSD +1TB, GeForce GTX 1050Ti 4GB, Linux + Windows 10 Home",3,14,,"128,256,512"
606,computers,laptops,MSI GL62M 7REX,$1199.00,"MSI GL62M 7REX, 15.6"" FHD, Core i7-7700HQ, 8GB, 1TB + 128GB SSD, GeForce GTX 1050 Ti 2GB, Windows 10 Home",1,7,,"128,256,512"
607,computers,laptops,MSI GL62M 7REX2,$1199.00,"MSI GL62M 7REX2, 15.6"" FHD, Core i7-7700HQ, 8GB, 1TB + 128GB SSD, GeForce GTX 1050 Ti 2GB, Windows 10 Home",2,12,,"128,256,512"
608,computers,laptops,Lenovo Yoga 910 Grey,$1199.73,"Lenovo Yoga 910 Grey, 13.9"" FHD Touch, Core i5-7200U, 8GB, 256GB SSD, Windows 10 Home",3,7,,"128,256,512"
609,computers,laptops,Toshiba Portege X30-D-10J Black/Blue,$1203.41,"Toshiba Portege X30-D-10J Black/Blue, 13.3"" FHD IPS, Core i5-7200U, 8GB, 256GB SSD, Windows 10 Pro",4,13,,"128,256,512"
610,computers,laptops,Lenovo IdeaPad Miix 510 Platinum Silver,$1212.16,"Lenovo IdeaPad Miix 510 Platinum Silver, 12.2"" IPS Touch, Core i5-7200U, 8GB, 256GB SSD, 4G, Windows 10 Pro",4,0,,"128,256,512"
611,computers,laptops,Acer Predator Helios 300 (PH317-51),$1221.58,"Acer Predator Helios 300 (PH317-51), 17.3"" FHD IPS, Core i7-7700HQ, 8GB, 1TB + 128GB SSD, GeForce GTX 1050 Ti 4GB, Windows 10 Home",1,9,,"128,256,512"
612,computers,laptops,Asus VivoBook Pro 15 N580VN-FI006T Gold Metal,$1235.49,"Asus VivoBook Pro 15 N580VN-FI006T Gold Metal, 15.6"" UHD, Core i7-7700HQ, 16GB, 1TB + 256GB SSD, GeForce MX150 2GB, Windows 10 Home, Eng kbd",2,10,,"128,256,512"
613,computers,laptops,Dell Latitude 5480,$1238.37,"Dell Latitude 5480, 14"" FHD, Core i7-7600U, 8GB, 256GB SSD, Linux",2,0,,"128,256,512"
614,computers,laptops,Asus ZenBook UX530UX-FY040T Blue,$1239.20,"Asus ZenBook UX530UX-FY040T Blue, 15.6"" FHD, Core i7-7500U, 8GB, 512GB SSD, GeForce GTX950M 2GB, Windows 10 Home, Eng kbd",1,14,,"128,256,512"
615,computers,laptops,Asus ROG Strix GL753VE-GC096T,$1259.00,"Asus ROG Strix GL753VE-GC096T, 17.3"" FHD, Core i7-7700HQ, 8GB, 1TB + 128GB SSD, GeForce GTX 1050 Ti 4GB, Windows 10 Home, Eng kbd",4,7,,"128,256,512"
616,computers,laptops,"Apple MacBook Air 13""",$1260.13,"Apple MacBook Air 13"", i5 1.8GHz, 8GB, 256GB SSD, Intel HD 6000, ENG",4,8,,"128,256,512"
617,computers,laptops,Dell Latitude 5480,$1271.06,"Dell Latitude 5480, 14"" FHD, Core i7-7600U, 8GB, 1TB, GeForce GT930MX, Windows 10 Pro",1,13,,"128,256,512"
618,computers,laptops,Hewlett Packard Spectre 13-v106na Dark Ash Silver,$1273.11,"Hewlett Packard Spectre 13-v106na Dark Ash Silver, 13.3"" FHD IPS, Core i5-7200U, 8GB, 256GB SSD, Windows 10 Home",3,8,,"128,256,512"
619,computers,laptops,Toshiba Portege Z30-C-16K Grey,$1294.74,"Toshiba Portege Z30-C-16K Grey, 13.3"" FHD, Core i5-6200U, 8GB, 256GB SSD, 4G, Windows 10 Pro",1,6,,"128,256,512"
620,computers,laptops,MSI GL62VR 7RFX,$1299.00,"MSI GL62VR 7RFX, 15.6"" FHD, Core i7-7700HQ, 8GB, 1TB + 256GB SSD, GeForce GTX 1060 3GB, Windows 10 Home",3,1,,"128,256,512"
621,computers,laptops,Dell Latitude 5480,$1310.39,"Dell Latitude 5480, 14"" FHD, Core i7-7600U, 8GB, 256GB SSD, Windows 10 Pro",3,8,,"128,256,512"
622,computers,laptops,Hewlett Packard ProBook 640 G3,$1326.83,"Hewlett Packard ProBook 640 G3, 14"" FHD, Core i7-7600U, 8GB, 256GB SSD, Windows 10 Pro",1,2,,"128,256,512"
623,computers,laptops,"Apple MacBook Pro 13"" Space Gray",$1333.00,"Apple MacBook Pro 13"" Space Gray, Core i5 2.3GHz, 8GB, 128GB SSD, Iris Plus 640, ENG",1,0,,"128,256,512"
624,computers,laptops,Dell Latitude 5580,$1337.28,"Dell Latitude 5580, 15.6"" FHD, Core i7-7600U, 8GB, 256GB SSD, GeForce GT930MX, Windows 10 Pro",1,6,,"128,256,512"
625,computers,laptops,Dell Latitude 5480,$1338.37,"Dell Latitude 5480, 14"" FHD, Core i7-7600U, 8GB, 256GB SSD, Linux + Windows 10 Home",2,11,,"128,256,512"
626,computers,laptops,Dell Latitude 5580,$1341.22,"Dell Latitude 5580, 15.6"" FHD, Core i7-7600U, 16GB, 256GB SSD, GeForce GT930MX, Linux",3,3,,"128,256,512"
627,computers,laptops,"Apple MacBook Air 13""",$1347.78,"Apple MacBook Air 13"", Intel Core i5 1.8GHz, 8GB, 256GB SSD, Intel HD 6000, RUS",2,11,,"128,256,512"
628,computers,laptops,Lenovo ThinkPad T470,$1349.23,"Lenovo ThinkPad T470, 14"" FHD IPS, Core i5-7200U, 8GB, 256GB SSD, Windows 10 Pro",1,5,,"128,256,512"
629,computers,laptops,Lenovo ThinkPad Yoga 370 Black,$1362.24,"Lenovo ThinkPad Yoga 370 Black, 13.3"" FHD IPS Touch, Core i5-7200U, 8GB, 256GB SSD, 4G, Windows 10 Pro",2,12,,"128,256,512"
630,computers,laptops,Toshiba Portege X20W-D-10V Black/Blue,$1366.32,"Toshiba Portege X20W-D-10V Black/Blue, 12.5"" FHD Touch, Core i7-7500U, 8GB, 512GB SSD, Windows 10 Pro",1,11,,"128,256,512"
631,computers,laptops,Asus ASUSPRO B9440UA-GV0279R Gray,$1381.13,"Asus ASUSPRO B9440UA-GV0279R Gray, 14"" FHD, Core i7-7500U, 16GB, 512GB SSD, Windows 10 Pro, Eng kbd",1,4,,"128,256,512"
632,computers,laptops,Asus ROG Strix GL702VM-GC146T,$1399.00,"Asus ROG Strix GL702VM-GC146T, 17.3"" FHD, Core i7-7700HQ, 8GB, 1TB + 128GB SSD, GeForce GTX 1060 3GB, Windows 10 Home, Eng kbd",3,10,,"128,256,512"
495,computers,tablets,Lenovo IdeaTab,$69.99,"7"" screen, Android",3,7,"Gold,White,Black","128,256,512"
496,computers,tablets,Acer Iconia,$96.99,"7"" screen, Android, 16GB",1,7,"Gold,White,Black","128,256,512"
497,computers,tablets,Asus MeMO Pad,$102.99,"7"" screen, Android, 8GB",4,14,"Gold,White,Black","128,256,512"
498,computers,tablets,Amazon Kindle,$103.99,"6"" screen, wifi",4,3,"Gold,White,Black","128,256,512"
499,computers,tablets,iPad Mini Retina,$537.99,"Wi-Fi + Cellular, 32GB, Silver",2,8,"Gold,White,Black","128,256,512"
500,computers,tablets,IdeaTab A3500L,$88.99,"Black, 7"" IPS, Quad-Core 1.2GHz, 8GB, Android 4.2",4,7,"Gold,White,Black","128,256,512"
501,computers,tablets,Galaxy Tab,$251.99,"16GB, White",3,14,"Gold,White,Black","128,256,512"
502,computers,tablets,IdeaTab A3500-H,$148.99,"Blue, 7"" IPS, Quad-Core 1.3GHz, 8GB, 3G, Android 4.2",2,9,"Gold,White,Black","128,256,512"
503,computers,tablets,Galaxy Tab 3,$97.99,"7"", 8GB, Wi-Fi, Android 4.2, White",2,2,"Gold,White,Black","128,256,512"
504,computers,tablets,Galaxy Note,$489.99,"12.2"", 32GB, WiFi, Android 4.4, White",3,9,"Gold,White,Black","128,256,512"
505,computers,tablets,MeMO Pad 7,$130.99,"White, 7"", Atom 1.2GHz, 8GB, Android 4.4",1,11,"Gold,White,Black","128,256,512"
506,computers,tablets,Galaxy Tab 4,$233.99,"LTE (SM-T235), Quad-Core 1.2GHz, 8GB, Black",4,1,"Gold,White,Black","128,256,512"
507,computers,tablets,Galaxy Tab 3,$107.99,"7"", 8GB, Wi-Fi, Android 4.2, Yellow",2,14,"Gold,White,Black","128,256,512"
508,computers,tablets,Memo Pad HD 7,$101.99,"IPS, Dual-Core 1.2GHz, 8GB, Android 4.3",2,10,"Gold,White,Black","128,256,512"
509,computers,tablets,Galaxy Note 10.1,$587.99,"10.1"", 32GB, Black",2,6,"Gold,White,Black","128,256,512"
510,computers,tablets,MeMo PAD FHD 10,$320.99,"White, 10.1"" IPS, 1.6GHz, 2GB, 16GB, Android 4.2",2,7,"Gold,White,Black","128,256,512"
511,computers,tablets,IdeaTab S5000,$172.99,"Silver, 7"" IPS, Quad-Core 1.2Ghz, 16GB, 3G, Android 4.2",3,8,"Gold,White,Black","128,256,512"
512,computers,tablets,Iconia B1-730HD,$99.99,"Black, 7"", 1.6GHz Dual-Core, 8GB, Android 4.4",3,1,"Gold,White,Black","128,256,512"
513,computers,tablets,IdeaTab A8-50,$121.99,"Blue, 8"" IPS, Quad-Core 1.3GHz, 16GB, Android 4.2",2,13,"Gold,White,Black","128,256,512"
514,computers,tablets,Galaxy Note,$399.99,"10.1"", 3G, Android 4.0, Garnet Red",4,12,"Gold,White,Black","128,256,512"
515,computers,tablets,Apple iPad Air,$603.99,"Wi-Fi, 64GB, Silver",3,7,"Gold,White,Black","128,256,512"
486,phones,touch,Nokia 123,$24.99,7 day battery,3,11,"Gold,White,Black",
487,phones,touch,LG Optimus,$57.99,"3.2"" screen",3,11,"Gold,White,Black",
488,phones,touch,Samsung Galaxy,$93.99,5 mpx. Android 5.0,3,3,"Gold,White,Black",
489,phones,touch,Nokia X,$109.99,"Andoid, Jolla dualboot",4,4,"Gold,White,Black",
490,phones,touch,Sony Xperia,$118.99,"GPS, waterproof",1,6,"Gold,White,Black",
491,phones,touch,Ubuntu Edge,$499.99,Sapphire glass,1,2,"Gold,White,Black",
492,phones,touch,Iphone,$899.99,White,1,10,"Gold,White,Black",
493,phones,touch,Iphone,$899.99,Silver,2,8,"Gold,White,Black",
494,phones,touch,Iphone,$899.99,Black,1,1,"Gold,White,Black",
